{
    "metrics": {
        "http_req_waiting": {
            "p(90)": 346.37281860000024,
            "p(95)": 693.3633421999982,
            "avg": 132.95224454321755,
            "min": 6.390297,
            "med": 20.160501,
            "max": 4964.828498
        },
        "http_req_receiving": {
            "avg": 1.0328502760783267,
            "min": 0.014568,
            "med": 0.311699,
            "max": 111.50746,
            "p(90)": 1.9204008000000028,
            "p(95)": 4.031273799999997
        },
        "vus": {
            "value": 1,
            "min": 0,
            "max": 114
        },
        "http_req_duration{expected_response:true}": {
            "p(95)": 696.457895,
            "avg": 134.05286822734067,
            "min": 6.862455,
            "med": 20.830666,
            "max": 4964.961478,
            "p(90)": 349.83004460000035
        },
        "vus_max": {
            "min": 100,
            "max": 117,
            "value": 117
        },
        "dropped_iterations": {
            "count": 24,
            "rate": 0.03881651224336261
        },
        "http_req_failed": {
            "passes": 0,
            "fails": 29977,
            "thresholds": {
                "rate<0.01": false
            },
            "value": 0
        },
        "http_req_blocked": {
            "max": 47.105384,
            "p(90)": 0.008051,
            "p(95)": 0.010888999999999796,
            "avg": 0.023176680888681175,
            "min": 0.001941,
            "med": 0.006211
        },
        "data_sent": {
            "count": 20087217,
            "rate": 32488.154358982567
        },
        "http_reqs": {
            "count": 29977,
            "rate": 48.48344114663671
        },
        "iterations": {
            "count": 29977,
            "rate": 48.48344114663671
        },
        "http_req_connecting": {
            "min": 0,
            "med": 0,
            "max": 47.032508,
            "p(90)": 0,
            "p(95)": 0,
            "avg": 0.00891452556960336
        },
        "checks": {
            "passes": 59954,
            "fails": 0,
            "value": 1
        },
        "iteration_duration": {
            "max": 4965.220921,
            "p(90)": 336.6925136000001,
            "p(95)": 677.9796475999993,
            "avg": 132.82782489214972,
            "min": 7.084915,
            "med": 21.278913
        },
        "http_req_tls_handshaking": {
            "avg": 0,
            "min": 0,
            "med": 0,
            "max": 0,
            "p(90)": 0,
            "p(95)": 0
        },
        "http_req_sending": {
            "p(95)": 0.08669419999999994,
            "avg": 0.06777340804616891,
            "min": 0.006308,
            "med": 0.039882,
            "max": 46.917378,
            "p(90)": 0.057748
        },
        "data_received": {
            "count": 10872229,
            "rate": 17584.25042046425
        },
        "http_req_duration": {
            "avg": 134.05286822734067,
            "min": 6.862455,
            "med": 20.830666,
            "max": 4964.961478,
            "p(90)": 349.83004460000035,
            "p(95)": 696.457895,
            "thresholds": {
                "p(95)<5000": false,
                "p(99)<8000": false
            }
        }
    },
    "root_group": {
        "name": "",
        "path": "",
        "id": "d41d8cd98f00b204e9800998ecf8427e",
        "groups": {},
        "checks": {
                "status is 200": {
                    "path": "::status is 200",
                    "id": "6210a8cd14cd70477eba5c5e4cb3fb5f",
                    "passes": 29977,
                    "fails": 0,
                    "name": "status is 200"
                },
                "response has id": {
                    "passes": 29977,
                    "fails": 0,
                    "name": "response has id",
                    "path": "::response has id",
                    "id": "6649b70c5c96e7e83e46163774f71c12"
                }
            }
    }
}