{
    "root_group": {
        "name": "",
        "path": "",
        "id": "d41d8cd98f00b204e9800998ecf8427e",
        "groups": {},
        "checks": {
                "status is 200": {
                    "name": "status is 200",
                    "path": "::status is 200",
                    "id": "6210a8cd14cd70477eba5c5e4cb3fb5f",
                    "passes": 300,
                    "fails": 0
                },
                "response has items": {
                    "name": "response has items",
                    "path": "::response has items",
                    "id": "2a664044f1628608fe9ed05034de4e21",
                    "passes": 300,
                    "fails": 0
                },
                "bucket count is non-empty": {
                    "name": "bucket count is non-empty",
                    "path": "::bucket count is non-empty",
                    "id": "c653b7f90b4a7c621acb75c602f920b1",
                    "passes": 300,
                    "fails": 0
                }
            }
    },
    "metrics": {
        "checks": {
            "passes": 900,
            "fails": 0,
            "value": 1
        },
        "http_req_failed": {
            "passes": 0,
            "fails": 300,
            "thresholds": {
                "rate<0.01": false
            },
            "value": 0
        },
        "http_req_receiving": {
            "avg": 0.6529417899999999,
            "min": 0.076413,
            "med": 0.451451,
            "max": 4.691323,
            "p(90)": 1.2019632000000005,
            "p(95)": 1.6688971
        },
        "iterations": {
            "count": 300,
            "rate": 9.695408166047443
        },
        "http_req_duration": {
            "min": 49.514169,
            "med": 55.218909999999994,
            "max": 197.049403,
            "p(90)": 63.45429650000001,
            "p(95)": 67.1794667,
            "avg": 57.75915549666668,
            "thresholds": {
                "p(95)<1500": false,
                "p(99)<3000": false
            }
        },
        "data_sent": {
            "count": 110665,
            "rate": 3576.4744823188007
        },
        "data_received": {
            "count": 2642065,
            "rate": 85386.32858742712
        },
        "http_req_waiting": {
            "p(95)": 66.09198615,
            "avg": 57.05912904666669,
            "min": 48.901589,
            "med": 54.56606,
            "max": 196.89134,
            "p(90)": 62.42939560000001
        },
        "vus": {
            "value": 0,
            "min": 0,
            "max": 0
        },
        "iteration_duration": {
            "avg": 58.45309588999998,
            "min": 49.971633,
            "med": 55.746619,
            "max": 197.486548,
            "p(90)": 64.2371902,
            "p(95)": 68.10032865
        },
        "http_req_duration{expected_response:true}": {
            "avg": 57.75915549666668,
            "min": 49.514169,
            "med": 55.218909999999994,
            "max": 197.049403,
            "p(90)": 63.45429650000001,
            "p(95)": 67.1794667
        },
        "vus_max": {
            "value": 20,
            "min": 20,
            "max": 20
        },
        "http_reqs": {
            "count": 300,
            "rate": 9.695408166047443
        },
        "http_req_blocked": {
            "avg": 0.04296810000000001,
            "min": 0.004654,
            "med": 0.006012,
            "max": 1.812537,
            "p(90)": 0.008844900000000004,
            "p(95)": 0.3896590500000001
        },
        "http_req_tls_handshaking": {
            "p(90)": 0,
            "p(95)": 0,
            "avg": 0,
            "min": 0,
            "med": 0,
            "max": 0
        },
        "http_req_sending": {
            "avg": 0.047084660000000014,
            "min": 0.014935,
            "med": 0.0395685,
            "max": 0.510146,
            "p(90)": 0.0644034,
            "p(95)": 0.07362185000000004
        },
        "http_req_connecting": {
            "med": 0,
            "max": 1.262313,
            "p(90)": 0,
            "p(95)": 0.27684370000000014,
            "avg": 0.02648353333333333,
            "min": 0
        }
    }
}