{
    "metrics": {
        "http_req_duration": {
            "p(90)": 3967.9780545000003,
            "p(95)": 4669.569515399998,
            "avg": 1497.5395648685142,
            "min": 4.065996,
            "med": 911.750595,
            "max": 8638.778976,
            "thresholds": {
                "p(95)<5000": false,
                "p(99)<8000": false
            }
        },
        "iterations": {
            "count": 35380,
            "rate": 190.7376803297409
        },
        "http_reqs": {
            "count": 35380,
            "rate": 190.7376803297409
        },
        "http_req_tls_handshaking": {
            "max": 0,
            "p(90)": 0,
            "p(95)": 0,
            "avg": 0,
            "min": 0,
            "med": 0
        },
        "data_received": {
            "count": 13324742,
            "rate": 71835.22837965722
        },
        "http_req_duration{expected_response:true}": {
            "avg": 1497.5395648685142,
            "min": 4.065996,
            "med": 911.750595,
            "max": 8638.778976,
            "p(90)": 3967.9780545000003,
            "p(95)": 4669.569515399998
        },
        "http_req_failed": {
            "passes": 0,
            "fails": 35380,
            "thresholds": {
                "rate<0.01": false
            },
            "value": 0
        },
        "vus": {
            "value": 4,
            "min": 1,
            "max": 800
        },
        "http_req_blocked": {
            "p(90)": 0.009511,
            "p(95)": 0.031445749999999585,
            "avg": 0.06764024211418869,
            "min": 0.001941,
            "med": 0.006696,
            "max": 76.952916
        },
        "iteration_duration": {
            "med": 911.9604589999999,
            "max": 7730.395372,
            "p(90)": 3812.3661377000008,
            "p(95)": 4427.02344855,
            "avg": 1452.491123157668,
            "min": 4.474597
        },
        "vus_max": {
            "value": 800,
            "min": 400,
            "max": 800
        },
        "data_sent": {
            "count": 24970972,
            "rate": 134621.40403784372
        },
        "http_req_waiting": {
            "p(95)": 4665.654312599998,
            "avg": 1493.8993598919797,
            "min": 3.578196,
            "med": 906.5747275,
            "max": 8636.995136,
            "p(90)": 3964.3223030000004
        },
        "checks": {
            "passes": 70760,
            "fails": 0,
            "value": 1
        },
        "http_req_sending": {
            "p(90)": 0.10847760000000002,
            "p(95)": 0.2545090499999999,
            "avg": 0.11308837054833239,
            "min": 0.005919,
            "med": 0.024744,
            "max": 67.875777
        },
        "http_req_receiving": {
            "avg": 3.527116605992078,
            "min": 0.015621,
            "med": 0.6553329999999999,
            "max": 509.967556,
            "p(90)": 10.233099300000006,
            "p(95)": 16.488730049999994
        },
        "dropped_iterations": {
            "count": 621,
            "rate": 3.347882970174367
        },
        "http_req_connecting": {
            "p(90)": 0,
            "p(95)": 0,
            "avg": 0.04040780440927079,
            "min": 0,
            "med": 0,
            "max": 53.128908
        }
    },
    "root_group": {
        "id": "d41d8cd98f00b204e9800998ecf8427e",
        "groups": {},
        "checks": {
                "status is 200": {
                    "name": "status is 200",
                    "path": "::status is 200",
                    "id": "6210a8cd14cd70477eba5c5e4cb3fb5f",
                    "passes": 35380,
                    "fails": 0
                },
                "response has id": {
                    "fails": 0,
                    "name": "response has id",
                    "path": "::response has id",
                    "id": "6649b70c5c96e7e83e46163774f71c12",
                    "passes": 35380
                }
            },
        "name": "",
        "path": ""
    }
}