{
    "root_group": {
        "name": "",
        "path": "",
        "id": "d41d8cd98f00b204e9800998ecf8427e",
        "groups": {},
        "checks": {
                "status is 200": {
                    "id": "6210a8cd14cd70477eba5c5e4cb3fb5f",
                    "passes": 10086,
                    "fails": 0,
                    "name": "status is 200",
                    "path": "::status is 200"
                },
                "response has id": {
                    "name": "response has id",
                    "path": "::response has id",
                    "id": "6649b70c5c96e7e83e46163774f71c12",
                    "passes": 10086,
                    "fails": 0
                }
            }
    },
    "metrics": {
        "data_received": {
            "count": 3664183,
            "rate": 32914.729349021785
        },
        "data_sent": {
            "count": 6938313,
            "rate": 62325.679294347305
        },
        "http_req_blocked": {
            "avg": 0.10071002488598019,
            "min": 0.00165,
            "med": 0.006306,
            "max": 51.939387,
            "p(90)": 0.013100500000000001,
            "p(95)": 0.21870925000000002
        },
        "iterations": {
            "count": 10086,
            "rate": 90.60081339120718
        },
        "checks": {
            "passes": 20172,
            "fails": 0,
            "value": 1
        },
        "http_req_sending": {
            "min": 0.006696,
            "med": 0.0278535,
            "max": 102.728591,
            "p(90)": 0.0899175,
            "p(95)": 0.20753575000000002,
            "avg": 0.10461669254412047
        },
        "http_req_receiving": {
            "p(95)": 9.588161,
            "avg": 2.1898160084275236,
            "min": 0.017724,
            "med": 0.6053065,
            "max": 93.742692,
            "p(90)": 5.7682615
        },
        "vus": {
            "value": 317,
            "min": 0,
            "max": 500
        },
        "iteration_duration": {
            "med": 1093.948417,
            "max": 11583.828686,
            "p(90)": 5356.099684,
            "p(95)": 6208.4794515,
            "avg": 2049.7663102300194,
            "min": 6.883529
        },
        "http_req_connecting": {
            "p(90)": 0,
            "p(95)": 0,
            "avg": 0.06297483382906997,
            "min": 0,
            "med": 0,
            "max": 51.878068
        },
        "http_req_tls_handshaking": {
            "max": 0,
            "p(90)": 0,
            "p(95)": 0,
            "avg": 0,
            "min": 0,
            "med": 0
        },
        "http_req_waiting": {
            "p(90)": 5574.88329,
            "p(95)": 6388.9653287500005,
            "avg": 2090.3755381139117,
            "min": 6.25732,
            "med": 1090.0641635,
            "max": 11583.332974
        },
        "http_req_duration": {
            "min": 6.513633,
            "med": 1093.649721,
            "max": 11583.430524,
            "p(90)": 5575.132324,
            "p(95)": 6391.45101875,
            "avg": 2092.6699708148935,
            "thresholds": {
                "p(95)<5000": true,
                "p(99)<8000": true
            }
        },
        "vus_max": {
            "value": 500,
            "min": 200,
            "max": 500
        },
        "http_reqs": {
            "count": 10086,
            "rate": 90.60081339120718
        },
        "dropped_iterations": {
            "count": 468,
            "rate": 4.203963976510506
        },
        "http_req_failed": {
            "passes": 0,
            "fails": 10086,
            "thresholds": {
                "rate<0.01": false
            },
            "value": 0
        },
        "http_req_duration{expected_response:true}": {
            "p(95)": 6391.45101875,
            "avg": 2092.6699708148935,
            "min": 6.513633,
            "med": 1093.649721,
            "max": 11583.430524,
            "p(90)": 5575.132324
        }
    }
}