{
    "root_group": {
        "name": "",
        "path": "",
        "id": "d41d8cd98f00b204e9800998ecf8427e",
        "groups": {},
        "checks": {
                "status is 200": {
                    "id": "6210a8cd14cd70477eba5c5e4cb3fb5f",
                    "passes": 33759,
                    "fails": 0,
                    "name": "status is 200",
                    "path": "::status is 200"
                },
                "response has id": {
                    "fails": 0,
                    "name": "response has id",
                    "path": "::response has id",
                    "id": "6649b70c5c96e7e83e46163774f71c12",
                    "passes": 33759
                }
            }
    },
    "metrics": {
        "data_received": {
            "count": 12510063,
            "rate": 65934.14008636061
        },
        "iteration_duration": {
            "avg": 2103.620393994473,
            "min": 4.322998,
            "med": 1769.016276,
            "max": 10196.998011,
            "p(90)": 5015.3705364,
            "p(95)": 5709.8512972
        },
        "http_reqs": {
            "count": 33759,
            "rate": 177.92641293456697
        },
        "http_req_sending": {
            "avg": 0.11840442859681859,
            "min": 0.005918,
            "med": 0.024062,
            "max": 62.928302,
            "p(90)": 0.10997140000000004,
            "p(95)": 0.25783489999999953
        },
        "http_req_receiving": {
            "avg": 3.737122337895077,
            "min": 0.014389,
            "med": 0.618508,
            "max": 587.240825,
            "p(90)": 10.908280800000005,
            "p(95)": 18.303382499999987
        },
        "http_req_tls_handshaking": {
            "min": 0,
            "med": 0,
            "max": 0,
            "p(90)": 0,
            "p(95)": 0,
            "avg": 0
        },
        "http_req_connecting": {
            "avg": 0.04421746340235196,
            "min": 0,
            "med": 0,
            "max": 133.496979,
            "p(90)": 0,
            "p(95)": 0
        },
        "checks": {
            "passes": 67518,
            "fails": 0,
            "value": 1
        },
        "dropped_iterations": {
            "rate": 11.811164175075227,
            "count": 2241
        },
        "http_req_duration{expected_response:true}": {
            "p(95)": 5804.171004399999,
            "avg": 2155.307539029436,
            "min": 4.081043,
            "med": 1842.561365,
            "max": 10196.736285,
            "p(90)": 5130.800472
        },
        "vus": {
            "value": 80,
            "min": 1,
            "max": 800
        },
        "vus_max": {
            "max": 800,
            "value": 800,
            "min": 400
        },
        "http_req_failed": {
            "fails": 33759,
            "passes": 0,
            "thresholds": {
                "rate<0.01": false
            },
            "value": 0
        },
        "data_sent": {
            "count": 23212669,
            "rate": 122342.09928633615
        },
        "http_req_blocked": {
            "avg": 0.06980226206344917,
            "min": 0.001747,
            "med": 0.006511,
            "max": 133.566942,
            "p(90)": 0.009333,
            "p(95)": 0.035113399999999975
        },
        "http_req_waiting": {
            "avg": 2151.4520122629397,
            "min": 3.636043,
            "med": 1838.991835,
            "max": 10196.643119,
            "p(90)": 5124.238418600001,
            "p(95)": 5799.6680695
        },
        "http_req_duration": {
            "avg": 2155.307539029436,
            "min": 4.081043,
            "med": 1842.561365,
            "max": 10196.736285,
            "p(90)": 5130.800472,
            "p(95)": 5804.171004399999,
            "thresholds": {
                "p(95)<5000": true,
                "p(99)<8000": false
            }
        },
        "iterations": {
            "count": 33759,
            "rate": 177.92641293456697
        }
    }
}